id,first_name,last_name,email,country,ip_address
1,Dulcine,Dwyr,ddwyr0@networksolutions.com,Israel,230.244.66.39
2,Stephine,Grzeskowski,sgrzeskowski1@miitbeian.gov.cn,Palestinian Territory,113.234.23.29
3,Mano,Thyng,mthyng2@disqus.com,China,156.146.190.65
4,Kurt,Orgel,korgel3@tiny.cc,China,240.48.135.52
5,Lucita,Room,lroom4@webmd.com,China,116.131.54.114
6,Valina,Adderson,vadderson5@infoseek.co.jp,China,81.70.238.249
7,Gianni,Bolesma,gbolesma6@homestead.com,Nigeria,232.60.247.244
8,Sybila,Mundie,smundie7@sogou.com,Kazakhstan,138.10.227.144
9,Farrell,Franzotto,ffranzotto8@chron.com,China,137.166.84.58
10,Jorge,Schoolfield,jschoolfield9@msn.com,Sweden,155.69.53.213
11,Dyana,Hambers,dhambersa@behance.net,Brazil,204.86.62.113
12,Urson,Badsworth,ubadsworthb@g.co,Russia,240.102.80.97
13,Husein,Vynehall,hvynehallc@google.es,China,241.31.227.133
14,Kaleena,Jaggar,kjaggard@ehow.com,Venezuela,34.39.236.203
15,Minda,Noteyoung,mnoteyounge@imageshack.us,Brazil,55.236.154.129
16,Bryce,Adkin,badkinf@theguardian.com,Sweden,208.122.243.16
17,Maisie,Sandyford,msandyfordg@studiopress.com,Indonesia,20.76.204.240
18,Weylin,Karolyi,wkarolyih@ow.ly,China,223.196.250.109
19,Waite,Ebanks,webanksi@unesco.org,Russia,1.180.249.188
20,Rozalie,Shephard,rshephardj@wp.com,Indonesia,244.240.161.4
21,Clarita,Peddel,cpeddelk@clickbank.net,Brazil,108.234.175.198
22,Tanitansy,Ruller,trullerl@newyorker.com,Czech Republic,37.0.190.155
23,Maynord,Packwood,mpackwoodm@etsy.com,Greece,253.15.37.93
24,Octavia,Satchell,osatchelln@soundcloud.com,Bosnia and Herzegovina,232.227.54.103
25,Barbey,Filipputti,bfilipputtio@timesonline.co.uk,Palestinian Territory,78.232.147.87
26,Pauletta,Horribine,phorribinep@businesswire.com,United States,195.51.104.69
27,Sven,Charge,schargeq@youtu.be,Indonesia,115.26.71.135
28,Kerby,Goretti,kgorettir@vk.com,Russia,196.206.118.128
29,Ailee,Mathivon,amathivons@bloomberg.com,Mongolia,35.230.170.253
30,Olva,Menault,omenaultt@oaic.gov.au,Chile,53.176.120.98
31,Roselin,Jinkin,rjinkinu@geocities.com,Namibia,71.109.40.150
32,Marcela,Texton,mtextonv@usa.gov,Indonesia,130.35.197.246
33,Alida,Smowton,asmowtonw@examiner.com,Philippines,96.82.6.121
34,Ludovico,Darter,ldarterx@parallels.com,Kazakhstan,139.175.197.12
35,Godwin,Brickdale,gbrickdaley@merriam-webster.com,Portugal,156.130.115.77
36,Tobin,Meechan,tmeechanz@chicagotribune.com,United States,151.49.128.40
37,Zsazsa,Walley,zwalley10@microsoft.com,Czech Republic,137.231.89.76
38,Ranice,Poland,rpoland11@mail.ru,Greece,125.97.160.216
39,Kelila,McGuffog,kmcguffog12@flavors.me,China,222.106.31.70
40,Abbe,Szymanowicz,aszymanowicz13@spiegel.de,Indonesia,176.88.31.204
41,Addy,Beddingham,abeddingham14@symantec.com,Philippines,68.100.39.181
42,Krystalle,Charker,kcharker15@harvard.edu,Belgium,96.130.72.46
43,Danica,Andreazzi,dandreazzi16@elegantthemes.com,Kenya,248.178.73.237
44,Teodora,Casiero,tcasiero17@timesonline.co.uk,Ethiopia,154.251.199.216
45,Webster,Lynock,wlynock18@dailymotion.com,Venezuela,223.198.17.192
46,Kitty,Bewicke,kbewicke19@vk.com,China,15.108.101.190
47,Sammie,Petruk,spetruk1a@tumblr.com,China,108.135.203.182
48,Anissa,Jeanenet,ajeanenet1b@dedecms.com,China,228.154.55.6
49,Myra,Sorrell,msorrell1c@apple.com,Russia,222.197.96.29
50,Wilhelm,D'Almeida,wdalmeida1d@deliciousdays.com,Portugal,48.19.78.51
51,Rivy,Fallanche,rfallanche1e@pagesperso-orange.fr,Russia,20.250.169.65
52,Joly,Hryniewicz,jhryniewicz1f@java.com,Norway,153.38.230.97
53,Ingelbert,Legging,ilegging1g@reuters.com,China,20.179.151.24
54,Norene,Clemente,nclemente1h@upenn.edu,Nigeria,170.252.109.204
55,Brendan,Porrett,bporrett1i@surveymonkey.com,Poland,250.98.173.45
56,Emmerich,Bracken,ebracken1j@google.pl,Syria,57.148.164.88
57,Tilda,Holburn,tholburn1k@cdc.gov,Sweden,201.245.39.41
58,Rorke,Muckian,rmuckian1l@furl.net,Sweden,69.45.91.22
59,Mureil,O'Drought,modrought1m@discuz.net,United States,227.59.76.55
60,Cristin,Adriano,cadriano1n@ycombinator.com,Russia,167.175.250.17
61,Bradly,Lannin,blannin1o@earthlink.net,Ireland,60.243.13.32
62,Obidiah,Camelli,ocamelli1p@flavors.me,Denmark,114.20.162.214
63,Clywd,Goalby,cgoalby1q@earthlink.net,Sweden,234.36.80.88
64,Olivero,Mayward,omayward1r@npr.org,Belarus,181.30.157.214
65,Philipa,Ingledew,pingledew1s@comcast.net,Indonesia,169.75.67.113
66,Foss,Scally,fscally1t@privacy.gov.au,Sweden,42.124.191.210
67,Susanetta,Hartil,shartil1u@google.es,Panama,217.230.145.53
68,Buck,Doblin,bdoblin1v@symantec.com,Philippines,90.59.191.184
69,Lona,Coniff,lconiff1w@seattletimes.com,Zimbabwe,52.136.247.164
70,Gerhardine,Cardno,gcardno1x@berkeley.edu,China,5.76.231.210
71,Melli,Brugger,mbrugger1y@va.gov,Pakistan,41.234.32.24
72,Cody,Hardan,chardan1z@imageshack.us,China,56.186.168.102
73,Jilleen,Hanley,jhanley20@ebay.com,Russia,233.101.48.131
74,Jacqui,Obispo,jobispo21@illinois.edu,China,60.110.18.66
75,Karney,Kelwaybamber,kkelwaybamber22@hhs.gov,Portugal,81.126.201.41
76,Rozalie,Clubbe,rclubbe23@ox.ac.uk,Iran,0.145.188.130
77,Rhianna,Jerrold,rjerrold24@vk.com,Venezuela,251.174.32.69
78,Julie,Pascall,jpascall25@newyorker.com,Honduras,33.176.133.180
79,Agace,Aleixo,aaleixo26@ebay.co.uk,Canada,97.86.85.236
80,Vannie,Ochterlonie,vochterlonie27@seesaa.net,Russia,89.170.231.198
81,Susann,Vizard,svizard28@wufoo.com,Cuba,79.99.115.55
82,Constantine,Apps,capps29@bluehost.com,Czech Republic,20.203.200.162
83,Damiano,Klagges,dklagges2a@meetup.com,Haiti,124.96.53.70
84,Dodie,Ekless,dekless2b@techcrunch.com,Malta,195.76.218.141
85,Jody,Cricket,jcricket2c@harvard.edu,Indonesia,69.120.230.153
86,Kassie,Leonarde,kleonarde2d@etsy.com,Poland,62.125.69.123
87,Bird,O'Scollee,boscollee2e@unesco.org,Japan,67.163.239.221
88,Laurella,Wrenn,lwrenn2f@marriott.com,China,3.25.224.76
89,Vanni,Ovens,vovens2g@instagram.com,Ukraine,194.150.24.76
90,Melany,Rosendall,mrosendall2h@1688.com,Chile,116.164.102.121
91,Lance,Lambswood,llambswood2i@i2i.jp,Lithuania,38.62.72.127
92,Vic,Perrot,vperrot2j@yellowpages.com,Russia,253.162.170.74
93,Norah,Beardsdale,nbeardsdale2k@cdbaby.com,China,185.194.114.243
94,Kiri,Chesnut,kchesnut2l@squidoo.com,China,91.242.43.221
95,Fenelia,Dossettor,fdossettor2m@ycombinator.com,Indonesia,66.249.72.98
96,Gonzalo,Bould,gbould2n@sakura.ne.jp,China,246.233.200.114
97,Bari,Heffernan,bheffernan2o@fastcompany.com,Benin,62.248.126.246
98,Janek,Kohlerman,jkohlerman2p@alibaba.com,Poland,113.36.38.224
99,Pierette,Perview,pperview2q@squidoo.com,Russia,202.239.55.66
100,Batholomew,Croose,bcroose2r@jugem.jp,France,99.232.220.61
101,Yves,Allatt,yallatt2s@state.gov,Philippines,122.89.225.12
102,Charlot,Tabbernor,ctabbernor2t@aol.com,United States,45.126.131.241
103,Akim,Aluard,aaluard2u@printfriendly.com,Philippines,148.125.54.229
104,Welch,Dallicott,wdallicott2v@w3.org,Philippines,183.30.121.137
105,Augusto,Dunham,adunham2w@paypal.com,Brazil,165.252.187.72
106,Aland,Meni,ameni2x@ucoz.com,China,89.78.195.83
107,Marne,Dowzell,mdowzell2y@home.pl,Portugal,55.89.207.183
108,Jacquelyn,Galgey,jgalgey2z@google.es,Russia,236.143.52.164
109,Mayer,Fearnall,mfearnall30@blogs.com,Japan,136.87.63.8
110,Jeffry,Sillwood,jsillwood31@devhub.com,Iran,137.69.125.216
111,May,Alman,malman32@amazon.de,Brazil,144.218.88.83
112,Alix,Gland,agland33@go.com,China,77.221.126.131
113,Clementia,McCready,cmccready34@pagesperso-orange.fr,Czech Republic,140.210.117.232
114,Patty,Hambidge,phambidge35@psu.edu,China,224.114.74.216
115,Genevieve,Bullough,gbullough36@jalbum.net,France,142.210.135.118
116,Winifield,Rosenzveig,wrosenzveig37@msu.edu,Finland,76.170.237.126
117,Dedie,Duhig,dduhig38@oakley.com,Japan,95.100.161.55
118,Allissa,Halliday,ahalliday39@phoca.cz,Brazil,150.220.69.37
119,Crystal,Denyukin,cdenyukin3a@cyberchimps.com,China,253.66.95.17
120,Gerda,Aldine,galdine3b@npr.org,Cyprus,108.54.215.49
121,Nicoline,Tillett,ntillett3c@shutterfly.com,China,104.142.75.219
122,Ammamaria,Castelin,acastelin3d@soundcloud.com,Indonesia,84.209.255.74
123,Zara,Togher,ztogher3e@163.com,Vietnam,65.195.129.28
124,Clair,Stelli,cstelli3f@clickbank.net,Brazil,179.13.252.186
125,Giffy,Jermey,gjermey3g@microsoft.com,Ukraine,201.128.108.193
126,Pennie,Beavis,pbeavis3h@mysql.com,China,55.225.158.231
127,Moises,Bedinn,mbedinn3i@weather.com,Indonesia,253.164.71.169
128,Reginald,Eggerton,reggerton3j@so-net.ne.jp,Indonesia,2.237.82.171
129,Gilly,Bacon,gbacon3k@china.com.cn,Morocco,131.2.20.137
130,Gothart,Ridout,gridout3l@usatoday.com,Indonesia,150.239.165.207
131,Xenia,Sibbons,xsibbons3m@163.com,Sweden,61.117.53.52
132,Stillmann,Feldheim,sfeldheim3n@hugedomains.com,China,243.141.245.227
133,Elly,Salmoni,esalmoni3o@answers.com,China,245.184.110.136
134,Lyndsey,De Simone,ldesimone3p@squarespace.com,China,237.237.249.24
135,Roddie,Vasovic,rvasovic3q@aol.com,Russia,149.226.162.34
136,Tamma,Herche,therche3r@nature.com,South Africa,221.142.124.244
137,Faustina,Canacott,fcanacott3s@weebly.com,Hungary,20.207.143.157
138,Rickey,Marrill,rmarrill3t@barnesandnoble.com,China,73.217.157.133
139,Atalanta,Cornford,acornford3u@livejournal.com,Poland,86.2.206.170
140,Philippe,Iscowitz,piscowitz3v@pinterest.com,Indonesia,95.59.21.164
141,Bran,Casaro,bcasaro3w@yandex.ru,Peru,113.110.248.47
142,Lil,Kinchley,lkinchley3x@sitemeter.com,Colombia,153.58.74.34
143,Cordy,Karchowski,ckarchowski3y@bloomberg.com,Canada,197.211.220.156
144,Florencia,Chess,fchess3z@netlog.com,France,162.148.26.144
145,Ellsworth,Allcock,eallcock40@bigcartel.com,Indonesia,44.68.138.110
146,Gypsy,Robic,grobic41@archive.org,Russia,172.201.30.174
147,Nev,Venes,nvenes42@devhub.com,Albania,197.80.108.249
148,Leone,Kerridge,lkerridge43@paginegialle.it,Sweden,153.219.6.30
149,Anette,Salsberg,asalsberg44@census.gov,Vietnam,231.212.91.192
150,Hobie,Kyston,hkyston45@cocolog-nifty.com,Indonesia,67.242.156.86
151,Carce,Hutcheson,chutcheson46@posterous.com,Russia,227.209.182.73
152,Gregorio,Corns,gcorns47@google.cn,Indonesia,84.16.206.132
153,Johnny,Cowmeadow,jcowmeadow48@newyorker.com,Indonesia,39.147.217.201
154,Sidonia,Fust,sfust49@berkeley.edu,Greece,223.250.94.247
155,Bentley,Gloyens,bgloyens4a@t.co,Sweden,39.42.189.173
156,Sherlock,Lyddy,slyddy4b@spotify.com,Indonesia,252.142.85.89
157,Nathan,Kuhl,nkuhl4c@newsvine.com,Belarus,215.245.186.28
158,Molli,Karlowicz,mkarlowicz4d@tamu.edu,Indonesia,224.78.119.134
159,Cathryn,Pittway,cpittway4e@nifty.com,Poland,72.121.122.124
160,Ruthie,Willwood,rwillwood4f@economist.com,Portugal,89.66.13.103
161,Benedict,Rickert,brickert4g@si.edu,Vietnam,25.140.143.131
162,Debora,Scoles,dscoles4h@mysql.com,Mexico,165.43.55.31
163,Jemima,Seakin,jseakin4i@stanford.edu,Indonesia,41.55.141.184
164,Tammie,Toffts,ttoffts4j@canalblog.com,Brazil,104.175.29.182
165,Fabiano,Harget,fharget4k@smh.com.au,Indonesia,148.248.57.182
166,Marwin,Blumire,mblumire4l@cmu.edu,Ireland,222.209.100.158
167,Cosimo,Hitzmann,chitzmann4m@seesaa.net,South Korea,218.83.84.114
168,Dacie,Cansdell,dcansdell4n@ameblo.jp,Indonesia,17.29.173.252
169,Barnie,Gegay,bgegay4o@sakura.ne.jp,Russia,70.132.144.110
170,Suzette,Josefson,sjosefson4p@drupal.org,Russia,247.109.210.180
171,Xever,Lamperd,xlamperd4q@geocities.jp,Kazakhstan,141.13.228.250
172,Laryssa,Vearncombe,lvearncombe4r@noaa.gov,United States,173.81.120.227
173,Jose,Lambourne,jlambourne4s@prnewswire.com,Indonesia,239.148.96.8
174,Renell,Lope,rlope4t@163.com,Afghanistan,69.40.93.206
175,Bendick,Ubank,bubank4u@theglobeandmail.com,Indonesia,63.36.156.187
176,Emmanuel,Jelly,ejelly4v@51.la,China,31.99.24.68
177,Paule,Pennaman,ppennaman4w@qq.com,Argentina,217.0.75.13
178,Nowell,Biesty,nbiesty4x@msn.com,China,134.143.36.245
179,Dalston,McBratney,dmcbratney4y@about.me,China,212.179.249.117
180,Florencia,Rowena,frowena4z@ebay.co.uk,China,51.160.239.252
181,Orlan,Knoles,oknoles50@about.me,Jordan,204.139.107.185
182,Peder,McMearty,pmcmearty51@histats.com,Russia,79.42.241.93
183,Clarke,Pittman,cpittman52@xrea.com,Russia,93.163.180.67
184,Finn,Shinton,fshinton53@51.la,Greece,112.167.155.214
185,Eba,Ausher,eausher54@theatlantic.com,Japan,154.219.116.81
186,Sari,Nelthorpe,snelthorpe55@livejournal.com,China,243.64.146.226
187,Saxon,Westrey,swestrey56@npr.org,Uganda,253.243.120.214
188,Hynda,Carmo,hcarmo57@latimes.com,Brazil,149.169.169.35
189,Leonelle,O'Docherty,lodocherty58@ox.ac.uk,France,14.48.226.223
190,Zabrina,MacQueen,zmacqueen59@pen.io,Spain,46.186.228.115
191,Philip,Mander,pmander5a@about.me,Indonesia,41.162.93.72
192,Robina,Starsmeare,rstarsmeare5b@freewebs.com,China,59.49.172.131
193,Paolina,Duiged,pduiged5c@tripadvisor.com,Philippines,111.252.189.226
194,Brucie,Fortnon,bfortnon5d@spiegel.de,Yemen,77.181.228.102
195,Marika,Harbison,mharbison5e@google.ca,Russia,19.105.165.150
196,Chane,Byres,cbyres5f@fema.gov,Indonesia,185.7.230.54
197,Gran,Perrinchief,gperrinchief5g@senate.gov,Haiti,85.154.77.78
198,Vachel,Mallett,vmallett5h@ow.ly,Germany,251.104.172.183
199,Melita,Knowling,mknowling5i@omniture.com,Russia,190.187.113.43
200,Torrance,Marciskewski,tmarciskewski5j@mozilla.com,Norway,238.142.162.227
201,Chicky,Marsters,cmarsters5k@arizona.edu,China,9.62.4.38
202,Chiquita,Emloch,cemloch5l@multiply.com,Venezuela,208.187.14.200
203,Odo,Boyne,oboyne5m@woothemes.com,Czech Republic,211.36.6.2
204,Thorstein,Gatrill,tgatrill5n@topsy.com,Indonesia,234.31.159.255
205,Tully,Deverock,tdeverock5o@bandcamp.com,Norway,41.101.208.62
206,Daron,Tanton,dtanton5p@disqus.com,Japan,54.21.168.90
207,Salomo,Fairtlough,sfairtlough5q@ehow.com,Indonesia,78.114.21.231
208,Winona,Hallihane,whallihane5r@pinterest.com,China,189.138.109.100
209,Yurik,Bastin,ybastin5s@omniture.com,Russia,241.99.252.152
210,Brnaby,Blackhurst,bblackhurst5t@qq.com,Indonesia,173.173.8.116
211,Bendite,Fargie,bfargie5u@tinyurl.com,Honduras,183.134.116.144
212,Clair,Mioni,cmioni5v@google.nl,Sweden,57.41.103.26
213,Scarlett,Burgoyne,sburgoyne5w@squidoo.com,China,65.167.113.124
214,Vevay,Shury,vshury5x@unc.edu,Indonesia,123.65.142.131
215,Florette,Grigore,fgrigore5y@baidu.com,Albania,235.206.43.37
216,Gwen,Guido,gguido5z@apache.org,China,138.173.47.200
217,Rora,Kilgrove,rkilgrove60@ehow.com,Russia,11.201.138.59
218,Lenore,Syratt,lsyratt61@furl.net,China,111.194.110.86
219,Abigale,Laverenz,alaverenz62@cafepress.com,Indonesia,88.23.243.147
220,Ariela,Syphas,asyphas63@miitbeian.gov.cn,Indonesia,37.138.37.111
221,Mike,Cuckson,mcuckson64@livejournal.com,Uzbekistan,231.94.93.21
222,Forester,Hallihane,fhallihane65@about.me,Afghanistan,18.127.195.212
223,Deborah,Ilyukhov,dilyukhov66@umn.edu,Democratic Republic of the Congo,118.229.157.233
224,Garnette,Siege,gsiege67@yolasite.com,Philippines,44.23.234.202
225,Vivi,Strudwick,vstrudwick68@goo.gl,China,237.100.150.85
226,Paulie,Savatier,psavatier69@sciencedirect.com,China,37.133.103.90
227,Cally,Copley,ccopley6a@storify.com,Venezuela,1.85.228.11
228,Nicolas,Quittonden,nquittonden6b@qq.com,France,210.16.98.159
229,Craig,Sherwill,csherwill6c@umn.edu,Bangladesh,234.36.37.251
230,Gwendolen,Bewlay,gbewlay6d@reverbnation.com,United States,191.23.71.85
231,Meade,Manis,mmanis6e@github.com,Saint Lucia,158.61.97.155
232,Carola,Hart,chart6f@prnewswire.com,Philippines,11.190.34.138
233,Aggy,Fairney,afairney6g@hexun.com,Ireland,38.133.175.150
234,Thain,Ianniello,tianniello6h@ox.ac.uk,Philippines,151.154.179.134
235,Austine,Dreinan,adreinan6i@baidu.com,Japan,229.52.224.66
236,Karoline,Fleming,kfleming6j@sogou.com,France,214.205.253.128
237,Edsel,O'Downe,eodowne6k@wordpress.org,Argentina,139.88.55.68
238,Purcell,Haseman,phaseman6l@va.gov,China,113.153.238.90
239,Tiebold,Tolefree,ttolefree6m@epa.gov,Cameroon,216.84.180.59
240,Tallie,Tubritt,ttubritt6n@foxnews.com,United Kingdom,64.44.138.253
241,Berti,Exposito,bexposito6o@intel.com,Argentina,139.246.103.109
242,Earle,Thripp,ethripp6p@ocn.ne.jp,Indonesia,176.211.160.24
243,Dudley,Troker,dtroker6q@yahoo.com,Brazil,195.127.204.244
244,Nanon,Doran,ndoran6r@gov.uk,Finland,76.65.150.72
245,Bernardine,Winkless,bwinkless6s@ucoz.com,Brazil,145.164.87.107
246,Alejandrina,Farbrother,afarbrother6t@qq.com,Philippines,0.196.151.132
247,Tanner,Muddiman,tmuddiman6u@home.pl,China,203.143.165.203
248,Angelique,Robert,arobert6v@163.com,France,54.4.54.216
249,Hastings,Mattson,hmattson6w@mlb.com,Thailand,204.63.23.3
250,Simona,Rings,srings6x@technorati.com,Vietnam,192.234.197.134
251,Freedman,Hebard,fhebard6y@nyu.edu,China,47.86.67.222
252,Flossy,Justham,fjustham6z@macromedia.com,Portugal,1.159.242.160
253,Clo,Motherwell,cmotherwell70@biblegateway.com,Botswana,64.242.228.149
254,Pennie,Barrasse,pbarrasse71@webmd.com,Colombia,222.153.60.239
255,Pammi,Wigfield,pwigfield72@census.gov,Ireland,17.85.57.220
256,Beatriz,Cordes,bcordes73@wikispaces.com,Croatia,127.63.222.244
257,Giacinta,Bellchamber,gbellchamber74@bizjournals.com,Brazil,12.38.183.118
258,Ryon,Padkin,rpadkin75@huffingtonpost.com,Thailand,127.243.22.74
259,Dmitri,Wrettum,dwrettum76@seesaa.net,China,129.206.20.237
260,Rochella,Goldsack,rgoldsack77@wunderground.com,China,166.242.122.226
261,Paddy,Kegg,pkegg78@fotki.com,China,100.3.29.137
262,Jennifer,Cranston,jcranston79@who.int,Philippines,40.230.24.22
263,Barry,Roubay,broubay7a@clickbank.net,China,157.52.213.149
264,Maire,Binion,mbinion7b@eepurl.com,South Korea,28.6.12.44
265,Ruth,Gandey,rgandey7c@oaic.gov.au,South Africa,64.203.180.27
266,Shellysheldon,Whettleton,swhettleton7d@fotki.com,Czech Republic,199.56.121.108
267,Erroll,Doylend,edoylend7e@tuttocitta.it,Indonesia,167.164.157.186
268,Earvin,Novak,enovak7f@webnode.com,China,123.209.205.81
269,Heda,Faulder,hfaulder7g@sakura.ne.jp,Germany,217.123.216.132
270,Shannon,Rous,srous7h@edublogs.org,China,37.140.11.209
271,Iormina,Dowbakin,idowbakin7i@altervista.org,Czech Republic,158.118.204.94
272,Maurine,Persehouse,mpersehouse7j@plala.or.jp,East Timor,69.31.185.34
273,Cherlyn,Zywicki,czywicki7k@phpbb.com,China,202.86.147.158
274,Oswell,Haggard,ohaggard7l@wikispaces.com,Oman,6.207.105.122
275,Jamaal,Botley,jbotley7m@bizjournals.com,China,123.32.240.197
276,Valry,Florentine,vflorentine7n@parallels.com,Russia,17.65.208.201
277,Bryn,D'Errico,bderrico7o@google.nl,Philippines,56.19.159.251
278,Misty,Geach,mgeach7p@is.gd,China,43.13.47.224
279,Jeannette,Tocqueville,jtocqueville7q@addthis.com,Poland,10.68.97.124
280,Kaitlynn,Brazener,kbrazener7r@mit.edu,Canada,139.107.199.203
281,Stephie,Martinet,smartinet7s@microsoft.com,China,201.52.183.4
282,Ede,Woolcocks,ewoolcocks7t@myspace.com,Tanzania,172.140.11.114
283,Kay,Evennett,kevennett7u@yolasite.com,Ukraine,118.166.52.199
284,Rene,Allchin,rallchin7v@samsung.com,Brazil,220.114.151.169
285,Sibylle,Vasenin,svasenin7w@mayoclinic.com,Vietnam,50.21.55.140
286,Udale,Morrad,umorrad7x@pen.io,Ireland,75.130.114.75
287,Hildagard,Jakubowsky,hjakubowsky7y@e-recht24.de,Indonesia,26.207.129.248
288,Paxton,Simononsky,psimononsky7z@ezinearticles.com,China,137.253.98.53
289,Gerianne,Surgeoner,gsurgeoner80@newyorker.com,Uruguay,14.9.11.155
290,Heall,Edyson,hedyson81@rakuten.co.jp,Peru,108.45.100.75
291,Alejandra,Itzkovitch,aitzkovitch82@weibo.com,Kazakhstan,163.242.143.16
292,Aldwin,Negus,anegus83@cbc.ca,Azerbaijan,161.174.168.192
293,Tanitansy,Minister,tminister84@buzzfeed.com,Philippines,58.103.177.26
294,Alf,Mathiassen,amathiassen85@weibo.com,France,240.117.236.135
295,Jolene,Jose,jjose86@google.it,Colombia,239.244.190.56
296,Myrwyn,Neiland,mneiland87@pen.io,Philippines,61.95.197.243
297,Bibi,Trowill,btrowill88@flavors.me,Thailand,132.97.244.175
298,Hogan,Passy,hpassy89@ed.gov,Equatorial Guinea,245.192.180.212
299,Krishna,Lambard,klambard8a@instagram.com,Palestinian Territory,103.148.15.234
300,Coretta,Shirlaw,cshirlaw8b@hexun.com,Chile,79.23.125.18
301,Ainslie,Cotesford,acotesford8c@cmu.edu,Malaysia,102.229.45.113
302,Ulric,Mea,umea8d@devhub.com,Philippines,122.11.57.234
303,Rhoda,McQueen,rmcqueen8e@cpanel.net,Japan,131.25.227.79
304,Wilie,Rispine,wrispine8f@ibm.com,Honduras,251.178.44.98
305,Eleanore,Smiley,esmiley8g@creativecommons.org,South Africa,89.98.155.165
306,Pete,Yakushkev,pyakushkev8h@infoseek.co.jp,Portugal,254.155.114.38
307,Faber,Lucock,flucock8i@earthlink.net,Portugal,173.87.18.226
308,Jessey,Ibel,jibel8j@ask.com,Russia,139.130.212.135
309,Jacob,Ingarfill,jingarfill8k@tumblr.com,Russia,173.187.190.176
310,Shirl,Aiers,saiers8l@mozilla.com,China,221.24.96.10
311,Bili,Schuster,bschuster8m@mit.edu,China,105.215.108.57
312,Issy,Jovic,ijovic8n@printfriendly.com,China,24.39.4.222
313,Pieter,Calley,pcalley8o@ihg.com,Poland,195.160.24.106
314,Shellie,Duchesne,sduchesne8p@fastcompany.com,France,187.52.100.203
315,Boycey,Othick,bothick8q@mediafire.com,Albania,65.155.16.63
316,Mayor,Doddridge,mdoddridge8r@chron.com,Russia,90.111.115.75
317,Willard,Shubotham,wshubotham8s@bigcartel.com,China,126.103.170.50
318,Janean,Sibille,jsibille8t@gmpg.org,Poland,129.96.146.246
319,Javier,Naulty,jnaulty8u@princeton.edu,Poland,41.18.28.20
320,Daniel,Sexton,dsexton8v@cornell.edu,Indonesia,232.23.52.122
321,Niles,Walsh,nwalsh8w@go.com,China,114.91.42.38
322,Germayne,Tumility,gtumility8x@cargocollective.com,Indonesia,215.88.208.91
323,Llewellyn,Bohler,lbohler8y@imdb.com,Vietnam,151.255.128.144
324,Teddy,Pumfrett,tpumfrett8z@google.de,China,63.203.187.201
325,Kara,Pinard,kpinard90@discovery.com,Peru,167.222.12.48
326,Cornie,Cudbertson,ccudbertson91@japanpost.jp,Russia,130.65.172.67
327,Gavin,Gourlay,ggourlay92@wufoo.com,China,58.215.64.156
328,Bari,Reis,breis93@google.ru,United States,188.76.78.87
329,Port,McCurlye,pmccurlye94@cafepress.com,Malaysia,59.234.75.112
330,Vite,McGowran,vmcgowran95@furl.net,China,37.96.247.173
331,Tildie,Bown,tbown96@fema.gov,Colombia,139.17.225.5
332,Chester,Le Jean,clejean97@google.co.uk,Czech Republic,86.108.75.27
333,Dorelia,Kidby,dkidby98@imgur.com,Portugal,147.166.34.233
334,Ianthe,Booton,ibooton99@hhs.gov,Indonesia,95.69.186.195
335,Stormie,Mullender,smullender9a@scribd.com,Ukraine,79.134.134.167
336,Bing,Collomosse,bcollomosse9b@discovery.com,Serbia,138.67.37.144
337,Charmane,McGrey,cmcgrey9c@pinterest.com,China,16.83.80.93
338,Ali,Sysland,asysland9d@youku.com,Russia,44.197.22.206
339,Darbee,Croizier,dcroizier9e@vistaprint.com,China,102.187.2.63
340,Hurleigh,Sherel,hsherel9f@cbc.ca,China,73.165.227.102
341,Phaedra,Cressingham,pcressingham9g@free.fr,Tunisia,104.52.111.201
342,Sullivan,Learmount,slearmount9h@nbcnews.com,Italy,100.51.207.119
343,Vergil,Brownsill,vbrownsill9i@aboutads.info,Brazil,210.221.141.89
344,Jeramie,Franzolini,jfranzolini9j@taobao.com,Indonesia,75.98.156.56
345,Thom,Neilan,tneilan9k@arstechnica.com,Madagascar,152.19.229.16
346,Hagen,Alpin,halpin9l@istockphoto.com,Panama,193.115.66.36
347,Iris,Loads,iloads9m@tuttocitta.it,United States,173.47.187.39
348,West,Greenland,wgreenland9n@artisteer.com,Sweden,76.216.0.36
349,Kyrstin,Minshall,kminshall9o@adobe.com,Indonesia,240.104.55.60
350,Ashly,Gamwell,agamwell9p@tinyurl.com,United Kingdom,171.39.139.81
351,Jenna,Abells,jabells9q@hexun.com,France,126.132.107.68
352,Merrilee,Ucceli,mucceli9r@qq.com,Indonesia,150.221.172.161
353,Jeanie,Ong,jong9s@scientificamerican.com,Indonesia,103.79.7.87
354,Sal,Lenin,slenin9t@craigslist.org,Indonesia,70.243.242.235
355,Derrik,de Najera,ddenajera9u@oakley.com,Dominican Republic,37.77.53.7
356,Dory,McKeachie,dmckeachie9v@mysql.com,Ireland,94.110.142.201
357,Leonie,Downton,ldownton9w@umn.edu,China,148.201.9.110
358,Myrlene,Phelipeaux,mphelipeaux9x@furl.net,Russia,190.12.57.42
359,Esta,Livens,elivens9y@prlog.org,Greece,230.14.173.56
360,Luciano,Le Sieur,llesieur9z@shutterfly.com,China,190.32.27.242
361,Aretha,Ewin,aewina0@diigo.com,China,254.183.132.204
362,Tarah,Crossfeld,tcrossfelda1@oaic.gov.au,Nepal,7.12.132.155
363,Phyllida,Mudie,pmudiea2@devhub.com,China,198.62.85.212
364,Joete,Howarth,jhowartha3@live.com,Czech Republic,21.153.74.132
365,Thorny,Briat,tbriata4@cargocollective.com,Greece,14.210.190.175
366,Byrom,Lockless,blocklessa5@ibm.com,New Zealand,87.50.35.73
367,Robina,Origin,rorigina6@ted.com,Nigeria,45.5.103.172
368,Penny,Asbery,pasberya7@cbsnews.com,Philippines,219.208.157.22
369,Kittie,Yandle,kyandlea8@paypal.com,Japan,128.45.35.246
370,Erinna,Clissett,eclissetta9@marriott.com,Brazil,226.47.112.138
371,Tory,Ubsdall,tubsdallaa@tinypic.com,Luxembourg,39.111.150.58
372,Darby,Insoll,dinsollab@homestead.com,Philippines,24.244.66.185
373,Melanie,Schooley,mschooleyac@barnesandnoble.com,China,54.142.205.24
374,Tremaine,Blinde,tblindead@instagram.com,Germany,139.162.175.177
375,Helli,Dugue,hdugueae@wordpress.org,China,9.29.202.97
376,Madelina,Eyres,meyresaf@slideshare.net,China,109.112.10.248
377,Dennie,Spellard,dspellardag@hud.gov,Indonesia,65.102.195.189
378,Jacynth,Beining,jbeiningah@mit.edu,France,86.172.127.120
379,Carmelia,Gourdon,cgourdonai@github.com,China,242.147.28.91
380,Winnifred,Hamon,whamonaj@cnet.com,Portugal,209.54.64.174
381,Mattias,Rosekilly,mrosekillyak@yahoo.com,Brazil,150.215.235.160
382,Adair,Stillgoe,astillgoeal@cnet.com,Finland,151.43.60.200
383,Miquela,Di Biagio,mdibiagioam@altervista.org,Sweden,158.48.11.137
384,Elsy,Hallen,ehallenan@yellowpages.com,Democratic Republic of the Congo,99.42.111.137
385,Krishnah,Greiser,kgreiserao@de.vu,Portugal,191.132.91.187
386,Carlita,Stiddard,cstiddardap@google.co.jp,Thailand,30.238.154.22
387,Franny,Redhole,fredholeaq@usnews.com,Egypt,164.153.38.118
388,Tobias,Punton,tpuntonar@alibaba.com,China,100.186.74.17
389,Marilin,MacIlhargy,mmacilhargyas@berkeley.edu,Finland,165.153.92.131
390,Marylee,Chatten,mchattenat@usgs.gov,Argentina,13.165.13.20
391,Daniela,Swayne,dswayneau@arizona.edu,Cuba,71.130.250.193
392,Lydie,Minto,lmintoav@creativecommons.org,China,157.203.100.128
393,Bambie,Sutty,bsuttyaw@ocn.ne.jp,Indonesia,143.240.175.5
394,Der,McCobb,dmccobbax@geocities.com,Indonesia,114.31.54.56
395,Mirabelle,Taudevin,mtaudevinay@goodreads.com,China,82.60.203.101
396,Alisa,Curdell,acurdellaz@jimdo.com,United States,103.131.161.207
397,Sadie,Cawte,scawteb0@nationalgeographic.com,China,225.47.78.90
398,Marlo,Hurring,mhurringb1@comcast.net,Thailand,150.41.166.30
399,Fifi,Frankcom,ffrankcomb2@arizona.edu,Czech Republic,65.161.95.47
400,Robinet,Brookwood,rbrookwoodb3@quantcast.com,China,88.26.41.46
401,Geno,Schild,gschildb4@google.com,China,189.241.171.157
402,Colman,Ewen,cewenb5@photobucket.com,Colombia,34.207.143.189
403,Cobb,Tuma,ctumab6@epa.gov,France,22.20.62.198
404,Torrey,Easum,teasumb7@cisco.com,Philippines,211.184.77.181
405,Roxy,Twaits,rtwaitsb8@walmart.com,France,184.201.4.21
406,Lemmie,Bowller,lbowllerb9@netscape.com,China,176.165.158.128
407,Micki,Newbigging,mnewbiggingba@pcworld.com,Afghanistan,64.131.232.37
408,Dene,Lunny,dlunnybb@goo.ne.jp,Yemen,46.12.96.29
409,Gaynor,McCalister,gmccalisterbc@cnbc.com,Peru,113.142.140.249
410,Danella,Confort,dconfortbd@wikimedia.org,Philippines,255.113.0.61
411,Elnora,Gerger,egergerbe@ucoz.ru,Indonesia,32.10.232.87
412,Korey,Dreier,kdreierbf@ustream.tv,China,184.9.109.140
413,Jerry,Natte,jnattebg@cbc.ca,Venezuela,60.56.187.84
414,Trueman,Skey,tskeybh@senate.gov,Cameroon,176.75.136.172
415,Laurent,Brunelli,lbrunellibi@cam.ac.uk,Portugal,102.132.186.60
416,Gloriane,Wellfare,gwellfarebj@webs.com,Russia,204.199.78.10
417,Kaitlyn,Vitte,kvittebk@ihg.com,Portugal,159.123.200.178
418,Tudor,Siemandl,tsiemandlbl@cbc.ca,Morocco,219.182.126.220
419,Alford,Rohlf,arohlfbm@theguardian.com,France,236.12.36.27
420,Jeffry,Hodges,jhodgesbn@fema.gov,Russia,47.76.59.166
421,Pace,Letessier,pletessierbo@prnewswire.com,China,251.188.35.165
422,Brandea,Duesberry,bduesberrybp@gravatar.com,Tuvalu,116.87.89.19
423,Biddy,O'Dowgaine,bodowgainebq@vinaora.com,Philippines,241.97.73.79
424,Linn,Purle,lpurlebr@uol.com.br,Malaysia,77.86.153.58
425,Koralle,Smorthit,ksmorthitbs@stanford.edu,Russia,60.18.203.97
426,Axel,Karlmann,akarlmannbt@nature.com,Brazil,210.240.26.103
427,Wilmer,MacAndie,wmacandiebu@cam.ac.uk,China,113.109.167.106
428,Gregorio,Kerrane,gkerranebv@liveinternet.ru,Cameroon,95.77.53.85
429,Wiley,Mitchenson,wmitchensonbw@ocn.ne.jp,Portugal,218.188.27.104
430,Desirae,Do Rosario,ddorosariobx@delicious.com,Philippines,63.255.57.250
431,Tina,Camier,tcamierby@webnode.com,China,220.175.207.137
432,Nevin,Gapp,ngappbz@hud.gov,Slovenia,22.190.143.46
433,Antonino,McCrillis,amccrillisc0@dmoz.org,Poland,26.214.22.14
434,Rosabelle,Dodridge,rdodridgec1@e-recht24.de,Indonesia,75.248.41.42
435,Orazio,Mirfield,omirfieldc2@google.ru,Indonesia,106.80.56.55
436,Rozella,Werrilow,rwerrilowc3@cisco.com,Vietnam,220.171.21.100
437,Natividad,Dabinett,ndabinettc4@tuttocitta.it,China,176.224.86.110
438,Ondrea,Matanin,omataninc5@google.com,Indonesia,223.84.48.189
439,Asa,Dmtrovic,admtrovicc6@skype.com,Indonesia,194.125.190.50
440,Olympie,Don,odonc7@wunderground.com,Indonesia,19.196.184.203
441,Dorothee,Punch,dpunchc8@bbc.co.uk,Chile,14.213.50.215
442,Barnebas,Joyson,bjoysonc9@histats.com,United States,138.138.172.61
443,Cammie,Bloan,cbloanca@nationalgeographic.com,China,182.229.195.52
444,Jonathon,Hixson,jhixsoncb@feedburner.com,Sweden,219.206.209.46
445,Luella,Terbeek,lterbeekcc@arizona.edu,China,97.1.229.56
446,Riobard,Clempton,rclemptoncd@state.tx.us,China,102.84.35.42
447,Cathlene,Willarton,cwillartonce@biblegateway.com,China,214.230.203.52
448,Randee,Avesque,ravesquecf@google.com,China,47.168.193.94
449,Tiffie,Peasnone,tpeasnonecg@techcrunch.com,Indonesia,60.220.218.160
450,Annora,Cordall,acordallch@japanpost.jp,Thailand,65.113.213.113
451,Haslett,Proctor,hproctorci@opera.com,Poland,50.144.206.40
452,Orlando,Waslin,owaslincj@pbs.org,Czech Republic,229.17.193.145
453,Brook,Kipling,bkiplingck@technorati.com,Thailand,181.27.12.195
454,Torrence,Duguid,tduguidcl@trellian.com,Belarus,146.93.249.226
455,Edeline,Moxham,emoxhamcm@cargocollective.com,United States,141.159.86.117
456,Berny,Iglesias,biglesiascn@homestead.com,Sweden,7.87.129.199
457,Christan,Easthope,ceasthopeco@theglobeandmail.com,Poland,110.14.46.83
458,Garrett,De Ortega,gdeortegacp@hugedomains.com,Croatia,139.196.47.35
459,Lazare,Provis,lproviscq@wufoo.com,Indonesia,73.229.119.42
460,Wynn,Graundisson,wgraundissoncr@bbb.org,United States,43.18.38.141
461,Jefferey,Martschik,jmartschikcs@oracle.com,Croatia,141.13.11.249
462,Durante,Peterson,dpetersonct@acquirethisname.com,Philippines,166.19.138.99
463,Gilburt,Tatershall,gtatershallcu@hp.com,Philippines,42.14.133.133
464,Cordie,Hubback,chubbackcv@netvibes.com,Iran,241.189.128.140
465,Germayne,Bromage,gbromagecw@acquirethisname.com,China,69.50.119.217
466,Nanice,Demko,ndemkocx@stanford.edu,Colombia,241.139.114.180
467,Barnett,Burgher,bburghercy@ebay.co.uk,Estonia,72.219.239.182
468,Berni,Enriques,benriquescz@ehow.com,Portugal,28.125.24.206
469,Kessia,Crinkley,kcrinkleyd0@ibm.com,Philippines,5.132.3.236
470,Yankee,Deschlein,ydeschleind1@ucla.edu,Poland,79.232.168.79
471,Gabe,Romanin,gromanind2@dion.ne.jp,Poland,7.39.181.30
472,Stan,Daddow,sdaddowd3@icq.com,China,222.29.31.173
473,Phillis,Nana,pnanad4@discovery.com,Japan,81.93.114.123
474,Norean,Lamb,nlambd5@free.fr,Colombia,170.201.24.22
475,Boonie,Juris,bjurisd6@ocn.ne.jp,Macedonia,26.203.2.19
476,Linn,Shorie,lshoried7@dyndns.org,Colombia,200.144.88.26
477,Tobin,Fidler,tfidlerd8@time.com,Portugal,44.1.116.244
478,Ursuline,Markova,umarkovad9@yellowbook.com,Comoros,252.65.39.5
479,Kathlin,Cheson,kchesonda@theglobeandmail.com,Philippines,50.80.140.101
480,Faustine,Ollin,follindb@tripadvisor.com,Philippines,124.32.169.162
481,Kain,Josipovic,kjosipovicdc@com.com,Vietnam,217.248.238.225
482,Austin,Robbie,arobbiedd@wsj.com,Peru,20.144.54.121
483,Winthrop,Patchett,wpatchettde@huffingtonpost.com,France,39.233.207.49
484,Bobine,Hebbron,bhebbrondf@sbwire.com,Colombia,51.82.240.186
485,Bran,Blakeden,bblakedendg@illinois.edu,Indonesia,10.186.200.112
486,Rayner,Elcoate,relcoatedh@skype.com,Philippines,231.157.45.9
487,Tomasine,Dittson,tdittsondi@wsj.com,Haiti,142.76.92.109
488,Hyacinthe,Renoden,hrenodendj@godaddy.com,United States,157.164.125.255
489,Ranna,Eyrl,reyrldk@github.com,Indonesia,90.92.147.196
490,Den,Wytchard,dwytcharddl@ox.ac.uk,Indonesia,40.192.75.176
491,Leshia,Colt,lcoltdm@csmonitor.com,China,73.210.244.16
492,Joyann,Knok,jknokdn@dyndns.org,Portugal,51.52.11.136
493,Melisenda,Lind,mlinddo@paginegialle.it,Russia,121.164.144.141
494,Nial,Bellham,nbellhamdp@sohu.com,North Korea,83.51.91.61
495,Brigitte,Lawrence,blawrencedq@purevolume.com,Argentina,13.94.117.224
496,Lucie,Courtman,lcourtmandr@wikimedia.org,China,93.105.62.138
497,Estell,Clemow,eclemowds@irs.gov,Russia,17.65.239.243
498,Athena,McGiven,amcgivendt@ox.ac.uk,Philippines,168.39.233.91
499,Rorke,Burner,rburnerdu@cbsnews.com,China,246.96.151.183
500,Herrick,Kropp,hkroppdv@hatena.ne.jp,China,100.1.101.237
501,Jerrome,Romanet,jromanetdw@utexas.edu,Mexico,83.69.218.243
502,Taffy,Gambie,tgambiedx@cnn.com,Taiwan,113.26.71.26
503,Ike,Shingfield,ishingfielddy@edublogs.org,Poland,17.128.56.96
504,Isidro,Tagg,itaggdz@state.tx.us,Poland,231.112.8.91
505,Celle,Sailor,csailore0@archive.org,Bulgaria,196.191.93.239
506,Donn,Davenport,ddavenporte1@nytimes.com,Indonesia,43.150.141.11
507,Nicky,Lysaght,nlysaghte2@sun.com,Canada,254.41.107.169
508,Susi,MacDermot,smacdermote3@yahoo.co.jp,Japan,82.63.74.167
509,Maison,Bremmer,mbremmere4@nationalgeographic.com,Colombia,92.118.216.144
510,Margaretha,Tomblett,mtomblette5@typepad.com,Thailand,207.251.131.157
511,Tiler,Fleckno,tflecknoe6@theglobeandmail.com,Indonesia,32.141.250.103
512,Cornelle,Leavens,cleavense7@myspace.com,China,117.151.81.70
513,Christina,Staden,cstadene8@booking.com,Philippines,91.66.181.238
514,Bab,Zink,bzinke9@epa.gov,China,28.205.81.11
515,Rosie,Delf,rdelfea@ucoz.com,Portugal,65.79.58.134
516,L;urette,Brass,lbrasseb@spiegel.de,China,162.243.39.116
517,Carlita,Gyver,cgyverec@imgur.com,United States,175.178.246.248
518,Halsy,Mascall,hmascalled@github.com,China,7.62.119.199
519,Burgess,Beden,bbedenee@soundcloud.com,Colombia,45.88.68.212
520,Thayne,Ibarra,tibarraef@chron.com,Indonesia,188.101.176.7
521,John,Ashingden,jashingdeneg@narod.ru,China,140.77.184.184
522,Magdalene,Eyeington,meyeingtoneh@theguardian.com,Greece,141.242.196.147
523,Collie,Pettipher,cpettipherei@usnews.com,Tunisia,243.137.45.193
524,Charil,Langstone,clangstoneej@instagram.com,Thailand,42.137.161.202
525,Delores,Morfey,dmorfeyek@twitter.com,China,66.97.254.140
526,Dirk,Demange,ddemangeel@tinypic.com,France,75.111.151.146
527,Chickie,Newborn,cnewbornem@zdnet.com,Latvia,130.200.14.156
528,Juieta,Leeman,jleemanen@go.com,Peru,243.140.252.124
529,Maryjane,Huddlestone,mhuddlestoneeo@booking.com,Mexico,233.99.130.249
530,Libbi,Gobeau,lgobeauep@ezinearticles.com,Czech Republic,105.196.244.81
531,Floria,Hunting,fhuntingeq@abc.net.au,China,207.90.182.173
532,Nance,Stegell,nstegeller@slideshare.net,Philippines,217.227.19.84
533,Cassondra,Ewbank,cewbankes@aboutads.info,Japan,251.61.120.71
534,Tamma,Nissle,tnissleet@usatoday.com,Mexico,193.167.246.84
535,Jamal,Counsell,jcounselleu@rambler.ru,Brazil,82.40.117.239
536,Boot,Colloff,bcolloffev@sciencedaily.com,Cameroon,139.149.1.70
537,Cloris,Levi,cleview@youtube.com,China,251.234.208.57
538,Prinz,Lydiatt,plydiattex@mtv.com,Bosnia and Herzegovina,243.171.69.55
539,Stacee,Scamwell,sscamwelley@goodreads.com,Russia,169.66.211.4
540,Hyacintha,Snarie,hsnarieez@boston.com,Portugal,87.248.124.116
541,Jaimie,Duckers,jduckersf0@hexun.com,United States,6.133.228.37
542,Cherlyn,Sponder,csponderf1@hp.com,Philippines,233.211.76.90
543,Gerhardine,Amberson,gambersonf2@360.cn,Uruguay,118.196.242.33
544,Maisie,Adney,madneyf3@census.gov,China,158.128.22.20
545,Olenolin,Burn,oburnf4@pagesperso-orange.fr,United States,175.88.159.65
546,Marleen,Kores,mkoresf5@last.fm,Ecuador,18.241.146.249
547,Fredi,Gimert,fgimertf6@vimeo.com,Russia,236.145.191.157
548,Keefer,Simonou,ksimonouf7@bluehost.com,Japan,18.164.7.24
549,Serge,Bayley,sbayleyf8@ftc.gov,Kosovo,62.58.212.171
550,Liesa,Wenban,lwenbanf9@state.tx.us,Mauritius,3.164.155.2
551,Stearn,Scyone,sscyonefa@netscape.com,China,70.34.83.159
552,Dorena,Verdon,dverdonfb@fastcompany.com,Russia,248.219.69.70
553,Elinor,Cawdery,ecawderyfc@seattletimes.com,Indonesia,39.160.206.92
554,Elladine,Pulley,epulleyfd@cafepress.com,China,152.41.10.80
555,Kacy,Fillingham,kfillinghamfe@icio.us,Paraguay,133.174.46.59
556,Tally,Teager,tteagerff@technorati.com,Poland,78.170.233.74
557,Addy,McLane,amclanefg@columbia.edu,Thailand,153.231.216.237
558,Carlen,Butt,cbuttfh@privacy.gov.au,Russia,7.10.31.4
559,Chase,Sergeaunt,csergeauntfi@blog.com,Poland,231.140.20.169
560,Jeromy,Westgate,jwestgatefj@biglobe.ne.jp,Guadeloupe,40.54.190.130
561,Kippar,Rossbrook,krossbrookfk@blogspot.com,Reunion,80.43.58.34
562,Clio,Treece,ctreecefl@aol.com,Portugal,227.165.188.65
563,Baron,Lund,blundfm@cam.ac.uk,China,149.37.59.181
564,Gertruda,Heild,gheildfn@ow.ly,China,113.23.12.183
565,Rozalie,Symmons,rsymmonsfo@flavors.me,Syria,147.192.140.93
566,Peggie,Nawton,pnawtonfp@devhub.com,Japan,24.127.169.164
567,Gannie,Llewelyn,gllewelynfq@ocn.ne.jp,United States,241.113.57.130
568,Emalee,Kitt,ekittfr@wikispaces.com,Indonesia,226.22.23.230
569,Rollin,Downton,rdowntonfs@msn.com,China,204.169.8.58
570,Rafferty,Edeler,redelerft@tiny.cc,Bangladesh,133.237.211.104
571,Lynn,Dearn,ldearnfu@usgs.gov,China,78.186.158.82
572,Conny,Mayhead,cmayheadfv@fotki.com,Cambodia,121.213.212.14
573,Nona,Furtado,nfurtadofw@google.com,Indonesia,51.47.84.177
574,Abeu,Klemz,aklemzfx@technorati.com,Brazil,216.2.37.119
575,Olin,Bolgar,obolgarfy@tinyurl.com,Indonesia,158.46.54.237
576,Edithe,Andrey,eandreyfz@simplemachines.org,Yemen,201.214.193.97
577,Hadleigh,Semble,hsembleg0@discuz.net,Ukraine,223.71.30.161
578,Dee,Alfonzo,dalfonzog1@nasa.gov,Bulgaria,76.75.49.218
579,Richmond,Dockreay,rdockreayg2@google.co.jp,Philippines,108.199.91.248
580,Nil,Squibe,nsquibeg3@mapy.cz,Ukraine,11.90.43.233
581,Berenice,Lusher,blusherg4@smh.com.au,Poland,120.10.36.238
582,Phineas,Pascho,ppaschog5@economist.com,Russia,85.152.137.200
583,Sib,Bjorkan,sbjorkang6@google.fr,China,101.0.110.188
584,Easter,Truswell,etruswellg7@so-net.ne.jp,Philippines,13.230.84.54
585,Tessi,Houlston,thoulstong8@purevolume.com,United States,56.202.76.143
586,Gregory,McDell,gmcdellg9@abc.net.au,Czech Republic,252.227.152.106
587,Nissie,Laudham,nlaudhamga@marriott.com,Philippines,36.254.0.210
588,Jo,Doulton,jdoultongb@kickstarter.com,Sweden,20.94.49.17
589,Bryanty,Satteford,bsattefordgc@nih.gov,Japan,146.87.136.24
590,Irvine,Applegarth,iapplegarthgd@angelfire.com,Sweden,24.85.76.76
591,Brigitte,Lant,blantge@cbslocal.com,Brazil,34.155.220.167
592,Hedy,Scoon,hscoongf@bizjournals.com,Indonesia,194.173.122.230
593,Susanne,de Almeida,sdealmeidagg@ihg.com,Portugal,193.59.221.35
594,Alicea,Baselli,abaselligh@go.com,Germany,100.235.62.15
595,Rikki,Barnet,rbarnetgi@drupal.org,Portugal,192.17.235.136
596,Kassey,Dallender,kdallendergj@naver.com,Palestinian Territory,221.187.44.219
597,Kevin,Bravery,kbraverygk@over-blog.com,Japan,127.200.186.173
598,Garald,Kentish,gkentishgl@amazonaws.com,China,34.212.31.236
599,Cyndia,Semens,csemensgm@shinystat.com,Philippines,250.28.197.21
600,Frankie,Feldbau,ffeldbaugn@google.co.jp,China,173.172.173.241
601,Gibby,Fantham,gfanthamgo@engadget.com,Angola,127.76.5.198
602,Les,Brambell,lbrambellgp@yolasite.com,China,143.86.239.110
603,Vernon,Barnewell,vbarnewellgq@boston.com,China,196.233.193.12
604,Pamelina,Carletti,pcarlettigr@loc.gov,Belarus,82.227.135.179
605,Trixi,Prydie,tprydiegs@merriam-webster.com,Indonesia,137.17.252.187
606,Towny,Fookes,tfookesgt@google.it,Morocco,77.66.108.85
607,Harv,Pardon,hpardongu@gnu.org,Indonesia,210.206.2.146
608,Margaux,Barnfather,mbarnfathergv@mit.edu,Pakistan,166.227.65.241
609,Arthur,Beaudry,abeaudrygw@desdev.cn,Yemen,28.85.38.189
610,Cindelyn,Hamblen,chamblengx@dailymotion.com,France,201.252.219.4
611,Willi,Whewell,wwhewellgy@csmonitor.com,United States,214.91.136.209
612,Cornie,Brentnall,cbrentnallgz@oakley.com,South Africa,137.165.42.233
613,Loree,Cyphus,lcyphush0@ca.gov,Argentina,49.189.115.104
614,Mitch,Alfonso,malfonsoh1@tiny.cc,Russia,231.138.195.5
615,Frank,Nichol,fnicholh2@hostgator.com,Yemen,186.119.78.170
616,Carmencita,Yemm,cyemmh3@rakuten.co.jp,United States,112.223.174.124
617,Wash,Enrico,wenricoh4@miibeian.gov.cn,France,27.218.227.64
618,Indira,Cocks,icocksh5@google.cn,Ukraine,120.177.101.249
619,Hanan,Reinbeck,hreinbeckh6@ocn.ne.jp,Indonesia,46.191.131.45
620,Rodina,Gwinnett,rgwinnetth7@paginegialle.it,Ukraine,250.131.74.21
621,Melinda,Kinneally,mkinneallyh8@umn.edu,Cuba,160.86.180.219
622,Andonis,Thomelin,athomelinh9@sun.com,Peru,103.132.72.170
623,Hunt,Brockway,hbrockwayha@newyorker.com,Russia,61.1.235.65
624,Adelle,Allgood,aallgoodhb@pagesperso-orange.fr,Indonesia,53.162.197.171
625,Merrel,Oscroft,moscrofthc@naver.com,Mexico,111.135.188.9
626,Donnamarie,Jakes,djakeshd@skype.com,Albania,204.41.193.226
627,Christin,Yakovl,cyakovlhe@umn.edu,Philippines,73.122.73.76
628,Sascha,Wardhough,swardhoughhf@nifty.com,Malaysia,89.196.206.156
629,Babara,Croxon,bcroxonhg@pen.io,China,94.39.43.40
630,Yule,Maddie,ymaddiehh@omniture.com,China,134.35.170.157
631,Lowrance,Crumb,lcrumbhi@networkadvertising.org,Nicaragua,144.253.25.116
632,Ezechiel,Kimblen,ekimblenhj@loc.gov,Tunisia,0.171.30.62
633,Shir,Prevett,sprevetthk@patch.com,Portugal,91.147.139.69
634,Jan,Rollings,jrollingshl@symantec.com,China,200.179.107.192
635,Ailsun,Cornil,acornilhm@bbb.org,China,95.1.119.230
636,Benoite,Giovannoni,bgiovannonihn@topsy.com,China,142.6.163.167
637,Mirabelle,Pervoe,mpervoeho@usgs.gov,Indonesia,205.106.125.227
638,Arvie,Tordoff,atordoffhp@ustream.tv,China,63.143.131.143
639,Feliks,Kingaby,fkingabyhq@studiopress.com,Indonesia,221.109.51.55
640,Celia,Lorking,clorkinghr@unicef.org,China,200.239.84.80
641,Elnora,Alvis,ealvishs@blogtalkradio.com,Uruguay,14.85.165.95
642,Helyn,McLaughlan,hmclaughlanht@ameblo.jp,Albania,86.247.175.40
643,Janos,Buckie,jbuckiehu@ow.ly,Russia,220.76.198.246
644,Riobard,Greenland,rgreenlandhv@yelp.com,Honduras,59.97.232.88
645,Malinde,McTerry,mmcterryhw@psu.edu,Egypt,104.190.255.241
646,Ben,Baudain,bbaudainhx@discuz.net,Honduras,223.254.208.52
647,Jaymee,Simeone,jsimeonehy@boston.com,New Zealand,7.28.225.213
648,Melanie,Priddle,mpriddlehz@elpais.com,Philippines,203.184.20.92
649,Thea,Keattch,tkeattchi0@360.cn,Greece,203.161.84.114
650,Madge,Breznovic,mbreznovici1@csmonitor.com,Sweden,151.197.38.200
651,Johanna,Singyard,jsingyardi2@nature.com,China,215.94.46.228
652,Odette,Basterfield,obasterfieldi3@disqus.com,China,71.160.195.234
653,Alano,Gooding,agoodingi4@g.co,Sweden,72.148.20.97
654,Essy,Brady,ebradyi5@ycombinator.com,Philippines,174.30.196.221
655,Stephenie,Caseri,scaserii6@storify.com,Philippines,165.235.72.168
656,Ches,Hansell,chanselli7@ebay.com,Bangladesh,29.50.65.124
657,Mufi,Kirrens,mkirrensi8@oaic.gov.au,Russia,8.186.222.46
658,Kyrstin,Grundon,kgrundoni9@symantec.com,Portugal,231.9.151.158
659,Jsandye,Seath,jseathia@cnn.com,Tajikistan,183.172.148.10
660,Muffin,Demelt,mdemeltib@qq.com,Yemen,122.34.11.30
661,Marley,Dashper,mdashperic@geocities.jp,Mongolia,31.93.120.191
662,Andriana,Khalid,akhalidid@sciencedaily.com,China,69.71.148.97
663,Darleen,Carnalan,dcarnalanie@irs.gov,China,158.150.106.250
664,Kendra,Bigly,kbiglyif@indiegogo.com,Philippines,237.249.189.92
665,Camile,Simenet,csimenetig@dailymail.co.uk,Cuba,99.39.101.135
666,Felipa,Godman,fgodmanih@psu.edu,Philippines,167.216.108.248
667,Sascha,Costar,scostarii@adobe.com,El Salvador,147.97.110.31
668,Anders,Antonich,aantonichij@yale.edu,China,11.18.1.217
669,Avril,Shillum,ashillumik@ihg.com,China,151.42.128.137
670,Gisele,Eyrl,geyrlil@godaddy.com,Guinea,36.244.154.157
671,Tobe,Deery,tdeeryim@sourceforge.net,Indonesia,77.43.154.15
672,Tedi,Liversley,tliversleyin@de.vu,Brazil,76.123.233.84
673,Madalyn,Hasslocher,mhasslocherio@latimes.com,Japan,248.70.232.104
674,Paola,Kybert,pkybertip@smugmug.com,Poland,69.152.213.103
675,Scotti,Hedge,shedgeiq@adobe.com,Chile,170.93.221.80
676,Marybelle,Menichi,mmenichiir@nbcnews.com,Portugal,97.121.111.172
677,Cornela,Emtage,cemtageis@github.com,Indonesia,124.231.86.11
678,Sandra,Jenking,sjenkingit@blogger.com,Morocco,145.201.152.202
679,Teador,Ladbrooke,tladbrookeiu@nih.gov,Tunisia,69.19.223.22
680,Scot,Lindwasser,slindwasseriv@jigsy.com,Philippines,152.28.231.164
681,Trudi,Tolhurst,ttolhurstiw@google.pl,Russia,168.53.146.229
682,Malissia,Metcalf,mmetcalfix@reference.com,France,214.35.226.207
683,Maria,Nuscha,mnuschaiy@xing.com,Czech Republic,83.44.41.64
684,Rosaline,Franssen,rfransseniz@examiner.com,United States,85.30.135.132
685,Early,Perrie,eperriej0@uol.com.br,China,254.53.150.0
686,Uriah,Whiteoak,uwhiteoakj1@freewebs.com,China,43.186.188.135
687,Kacie,Valadez,kvaladezj2@printfriendly.com,Philippines,158.204.63.100
688,Laurella,Hackford,lhackfordj3@typepad.com,China,42.89.141.205
689,Enrica,Gumbley,egumbleyj4@ezinearticles.com,Denmark,46.48.232.240
690,Stillmann,Tilne,stilnej5@cnet.com,Indonesia,96.165.136.154
691,Erek,Iannuzzelli,eiannuzzellij6@issuu.com,Brazil,175.234.15.68
692,Lorie,Sier,lsierj7@histats.com,Norway,120.252.162.177
693,Del,Ben-Aharon,dbenaharonj8@facebook.com,Peru,248.30.8.220
694,Ebenezer,Papes,epapesj9@yellowbook.com,Serbia,139.199.113.127
695,Rees,Moss,rmossja@cbc.ca,Poland,238.12.110.66
696,Kimmy,Kording,kkordingjb@ucoz.ru,Morocco,232.147.51.220
697,Tedd,Noar,tnoarjc@yelp.com,Gambia,207.21.179.20
698,Millisent,Le Pine,mlepinejd@istockphoto.com,China,114.252.3.86
699,Reyna,Gallemore,rgallemoreje@dmoz.org,Indonesia,130.208.46.102
700,Stella,Duckhouse,sduckhousejf@amazon.co.uk,Brazil,183.32.32.142
701,Angelika,Miall,amialljg@buzzfeed.com,Philippines,173.103.213.142
702,Karolina,McIlvaney,kmcilvaneyjh@slate.com,Morocco,33.150.113.242
703,Cornie,Roskams,croskamsji@about.com,Indonesia,205.201.78.100
704,Gayler,Combe,gcombejj@redcross.org,Russia,170.10.150.69
705,Grethel,Dullingham,gdullinghamjk@opensource.org,Colombia,20.226.123.63
706,Micaela,Lockyear,mlockyearjl@vistaprint.com,Czech Republic,29.233.158.133
707,Karrie,Hutchens,khutchensjm@mail.ru,Indonesia,241.56.170.15
708,Dollie,Heinssen,dheinssenjn@toplist.cz,Syria,152.115.174.225
709,Siana,Belhome,sbelhomejo@wp.com,Canada,247.106.62.36
710,Christopher,Antonchik,cantonchikjp@walmart.com,China,175.147.56.155
711,Johann,Whoolehan,jwhoolehanjq@pbs.org,China,60.27.177.239
712,Amalee,Barford,abarfordjr@t-online.de,Poland,212.112.149.203
713,Jada,Janecki,jjaneckijs@instagram.com,China,138.127.31.229
714,Almeta,Cocklin,acocklinjt@state.tx.us,China,215.222.250.199
715,Gilberte,Amor,gamorju@com.com,Russia,24.181.78.170
716,Jayne,Theurer,jtheurerjv@vimeo.com,South Africa,179.27.12.254
717,Lazare,Elcock,lelcockjw@google.pl,China,134.94.190.136
718,Kordula,Doughty,kdoughtyjx@cdbaby.com,Kuwait,147.188.42.91
719,Zarah,Tregea,ztregeajy@github.com,Philippines,78.160.150.141
720,Gardie,Pettersen,gpettersenjz@upenn.edu,Sweden,246.54.215.32
721,Layla,Maryin,lmaryink0@elegantthemes.com,Indonesia,129.22.40.156
722,Tiebout,Hammatt,thammattk1@php.net,Greece,95.21.33.209
723,Sargent,Hanby,shanbyk2@youtube.com,France,117.66.18.110
724,Eba,Henstridge,ehenstridgek3@devhub.com,South Africa,26.176.139.169
725,Brade,Armit,barmitk4@google.ru,Indonesia,157.204.220.158
726,Jecho,Pirrey,jpirreyk5@chicagotribune.com,China,147.138.95.208
727,Pacorro,Malitrott,pmalitrottk6@delicious.com,China,26.126.1.159
728,Carolan,McKeand,cmckeandk7@businessinsider.com,Colombia,148.162.126.62
729,Marylynne,Huxley,mhuxleyk8@icio.us,South Korea,177.108.160.179
730,Vicky,Fallawe,vfallawek9@netlog.com,France,110.179.137.137
731,Johnnie,Bonny,jbonnyka@mtv.com,United States,45.76.212.182
732,Nappy,Gross,ngrosskb@yolasite.com,Libya,209.150.31.239
733,Berny,Opie,bopiekc@cnet.com,Russia,19.30.12.232
734,Robbyn,Facey,rfaceykd@quantcast.com,Indonesia,15.72.27.15
735,Granny,Phelp,gphelpke@mozilla.org,Uruguay,150.164.17.207
736,Elnore,Norvill,enorvillkf@people.com.cn,Norway,178.63.25.226
737,Cletis,Littrell,clittrellkg@state.gov,Cuba,42.32.7.162
738,Hadria,Rowsel,hrowselkh@slideshare.net,Venezuela,94.255.51.63
739,Catriona,Stuer,cstuerki@opera.com,Poland,51.3.102.46
740,Tresa,Terran,tterrankj@bizjournals.com,Georgia,132.7.79.224
741,Ardyth,Espinay,aespinaykk@whitehouse.gov,Poland,121.87.184.20
742,Papageno,Kubatsch,pkubatschkl@myspace.com,Thailand,54.206.204.156
743,Pinchas,Johnston,pjohnstonkm@fotki.com,South Korea,161.104.204.48
744,Batholomew,Branni,bbrannikn@abc.net.au,China,31.211.247.199
745,Fey,Ridgley,fridgleyko@nationalgeographic.com,Russia,12.174.150.19
746,Chickie,Frisdick,cfrisdickkp@guardian.co.uk,China,44.115.215.34
747,Mareah,Jossum,mjossumkq@lycos.com,Azerbaijan,145.17.37.249
748,Paulie,Aston,pastonkr@house.gov,China,34.83.68.81
749,Ynes,Kirton,ykirtonks@wunderground.com,Netherlands,133.31.127.99
750,Hoebart,Stellin,hstellinkt@tumblr.com,Russia,225.114.170.139
751,Vivia,Covotto,vcovottoku@indiatimes.com,United Kingdom,23.43.10.53
752,Anthony,Gillicuddy,agillicuddykv@oakley.com,China,200.167.16.205
753,Sioux,Calkin,scalkinkw@cpanel.net,Sweden,125.81.84.215
754,Yvor,Warmisham,ywarmishamkx@alibaba.com,Philippines,142.40.112.229
755,Homerus,Proschek,hproschekky@github.io,French Polynesia,77.75.34.137
756,Randy,Fforde,rffordekz@bigcartel.com,Hungary,116.169.236.155
757,Nigel,Alpes,nalpesl0@dion.ne.jp,Russia,153.192.215.179
758,Kira,Grundey,kgrundeyl1@ebay.co.uk,Russia,51.169.221.74
759,Charita,Astell,castelll2@sun.com,Ukraine,223.241.71.162
760,Madeline,Marton,mmartonl3@spiegel.de,Thailand,85.231.27.158
761,Kristofor,Tolfrey,ktolfreyl4@weibo.com,Venezuela,50.238.44.190
762,Gregorius,Rookledge,grookledgel5@si.edu,United States,25.213.177.116
763,Adolpho,MacAlees,amacaleesl6@miibeian.gov.cn,Sweden,38.4.177.159
764,Bruis,Fooks,bfooksl7@jiathis.com,Philippines,164.154.185.34
765,Paloma,Scotchmur,pscotchmurl8@instagram.com,Japan,105.171.69.150
766,Gusti,Adam,gadaml9@cbsnews.com,Russia,151.155.157.204
767,Alonso,OIlier,aoilierla@gnu.org,Portugal,7.193.112.191
768,Coralyn,Keppe,ckeppelb@harvard.edu,Indonesia,141.64.94.55
769,Archie,Checketts,acheckettslc@senate.gov,Philippines,40.242.249.82
770,Bel,Danels,bdanelsld@whitehouse.gov,Indonesia,90.128.97.197
771,Austin,McFaul,amcfaulle@gmpg.org,Indonesia,210.205.115.84
772,Gordan,Ciotto,gciottolf@toplist.cz,Albania,192.71.255.251
773,Lavina,Bowery,lbowerylg@mozilla.org,Yemen,221.202.33.231
774,Dew,Abotson,dabotsonlh@thetimes.co.uk,Bulgaria,146.46.115.49
775,Monti,Yellowlees,myellowleesli@i2i.jp,Netherlands,96.64.0.125
776,Alon,Klees,akleeslj@google.ru,Brazil,14.205.123.1
777,Ludovico,Kirkham,lkirkhamlk@domainmarket.com,Papua New Guinea,181.153.16.114
778,Gabriela,Berthot,gberthotll@youku.com,Senegal,190.182.145.207
779,Conrado,Bocock,cbococklm@eventbrite.com,Czech Republic,238.177.223.160
780,Dominique,Tankus,dtankusln@forbes.com,Poland,16.76.195.105
781,Cazzie,Frankcom,cfrankcomlo@rediff.com,Japan,115.75.162.182
782,Paddie,Ingram,pingramlp@redcross.org,Sweden,46.46.172.10
783,Cordell,Powlett,cpowlettlq@github.io,Bangladesh,0.92.209.148
784,Alexei,Dinzey,adinzeylr@cdc.gov,Paraguay,174.162.44.215
785,Britt,Coldbath,bcoldbathls@mlb.com,Indonesia,67.0.128.19
786,Elsbeth,Honniebal,ehonnieballt@blinklist.com,China,105.12.3.62
787,Ellwood,Elwyn,eelwynlu@princeton.edu,China,166.77.53.54
788,Constantine,Morcomb,cmorcomblv@nymag.com,Indonesia,166.67.197.244
789,Vitoria,Hallan,vhallanlw@answers.com,Greece,59.118.229.44
790,Hort,Kelinge,hkelingelx@foxnews.com,Yemen,85.219.75.45
791,Dallis,Muzzollo,dmuzzolloly@plala.or.jp,Philippines,132.104.197.36
792,Aldridge,Caldow,acaldowlz@epa.gov,Russia,166.115.79.14
793,Leyla,Bilofsky,lbilofskym0@domainmarket.com,China,187.249.240.46
794,Angelle,Maffeo,amaffeom1@wiley.com,Japan,22.202.2.179
795,Oriana,Fallen,ofallenm2@jiathis.com,France,86.108.90.192
796,Kellsie,Master,kmasterm3@cbsnews.com,Brazil,38.34.82.164
797,Riane,Winkless,rwinklessm4@timesonline.co.uk,Bangladesh,166.163.246.175
798,Celina,Gane,cganem5@intel.com,China,172.186.173.15
799,Luce,Gritton,lgrittonm6@wikipedia.org,Ukraine,216.203.72.25
800,Shelbi,Varns,svarnsm7@1und1.de,China,238.120.220.135
801,Vilhelmina,Bleythin,vbleythinm8@booking.com,Colombia,86.57.84.88
802,Sharl,Chander,schanderm9@yellowbook.com,Mexico,234.176.45.62
803,Blondelle,Dixey,bdixeyma@live.com,China,181.11.174.79
804,Gay,Petry,gpetrymb@mac.com,Indonesia,143.214.99.244
805,Mallory,Venners,mvennersmc@ft.com,Iran,120.233.56.252
806,Gerome,Kurton,gkurtonmd@nymag.com,Indonesia,65.236.94.68
807,Haley,Yurasov,hyurasovme@jimdo.com,Indonesia,173.56.9.170
808,Obed,Phillippo,ophillippomf@auda.org.au,Philippines,5.120.67.227
809,Ewen,Mulder,emuldermg@un.org,Russia,156.94.156.3
810,Jabez,Spieck,jspieckmh@wiley.com,China,132.161.218.240
811,Lonnie,Amyes,lamyesmi@i2i.jp,Iran,12.198.146.46
812,Susi,Rumgay,srumgaymj@wunderground.com,Indonesia,76.5.49.225
813,Aland,Janczak,ajanczakmk@elegantthemes.com,Serbia,241.170.57.109
814,Jermaine,Woolf,jwoolfml@51.la,China,193.209.104.118
815,Arnold,Fullegar,afullegarmm@disqus.com,Indonesia,159.169.1.173
816,Raphael,Willoway,rwillowaymn@intel.com,United States,90.0.158.89
817,Ewan,Ashall,eashallmo@sogou.com,China,24.251.139.111
818,Chlo,Neilly,cneillymp@bloomberg.com,Indonesia,112.110.219.9
819,Chan,Kedwell,ckedwellmq@com.com,Indonesia,75.41.249.160
820,Cherice,Kember,ckembermr@smugmug.com,China,9.81.152.4
821,Brantley,Kunz,bkunzms@biblegateway.com,Pakistan,234.98.83.82
822,Pavia,Tomasino,ptomasinomt@last.fm,China,85.41.36.237
823,Jacquenetta,Payn,jpaynmu@fda.gov,Senegal,83.232.97.99
824,Cob,Bohler,cbohlermv@nydailynews.com,China,19.157.0.200
825,Owen,Semarke,osemarkemw@ihg.com,Portugal,107.89.63.191
826,Greta,Penning,gpenningmx@qq.com,Portugal,229.31.77.20
827,Brittne,McGettigan,bmcgettiganmy@auda.org.au,Mexico,189.101.222.69
828,Clerissa,Pedrozzi,cpedrozzimz@redcross.org,United States,53.97.94.95
829,Darwin,Bendel,dbendeln0@homestead.com,Luxembourg,95.140.77.200
830,Marlo,Abercrombie,mabercrombien1@miibeian.gov.cn,France,11.116.162.5
831,Morton,Caile,mcailen2@mit.edu,Indonesia,238.216.198.50
832,Meir,Tribell,mtribelln3@myspace.com,United States,252.193.226.224
833,Jerrilee,Lattie,jlattien4@omniture.com,Philippines,3.181.20.21
834,Renae,Raffan,rraffann5@a8.net,Japan,148.50.213.231
835,Lilah,Dmitrichenko,ldmitrichenkon6@usatoday.com,Tanzania,246.223.110.208
836,Genevra,Trewhela,gtrewhelan7@techcrunch.com,Brazil,237.13.233.69
837,Myrtice,Britzius,mbritziusn8@biblegateway.com,Nepal,234.234.102.154
838,Jerad,Vuitton,jvuittonn9@bbc.co.uk,Latvia,92.98.150.161
839,Brendis,Buttriss,bbuttrissna@ifeng.com,Thailand,82.11.169.60
840,Reinhold,Haskell,rhaskellnb@yellowpages.com,Morocco,58.5.117.214
841,Lezley,Succamore,lsuccamorenc@cafepress.com,China,221.245.152.24
842,Eve,Iannuzzelli,eiannuzzellind@narod.ru,El Salvador,200.213.59.202
843,Ardeen,Mathwin,amathwinne@ebay.com,China,26.105.85.114
844,Ursuline,Tilne,utilnenf@walmart.com,Ireland,77.179.121.155
845,Barbette,Oda,bodang@mozilla.com,Serbia,144.178.71.63
846,Rennie,Sanham,rsanhamnh@foxnews.com,Sweden,4.150.226.153
847,Gerty,Oakwood,goakwoodni@netscape.com,China,165.146.33.206
848,Linda,Maidment,lmaidmentnj@google.es,Netherlands,149.22.30.253
849,Anthiathia,Gravatt,agravattnk@github.com,Norway,213.78.196.88
850,Arlina,Luxton,aluxtonnl@technorati.com,Indonesia,162.133.15.238
851,Harwilll,Cassella,hcassellanm@noaa.gov,Indonesia,65.216.107.175
852,Duffie,Casbon,dcasbonnn@hao123.com,Malta,236.42.98.110
853,Linnell,Vickar,lvickarno@merriam-webster.com,Russia,159.88.117.240
854,Warden,Hoofe,whoofenp@fema.gov,Panama,140.160.221.205
855,Elvera,Hubatsch,ehubatschnq@google.com.au,Portugal,23.1.245.20
856,Mersey,Shewen,mshewennr@state.tx.us,Egypt,47.225.163.250
857,Augie,Martyn,amartynns@ibm.com,Norway,59.243.94.96
858,Brinn,Churching,bchurchingnt@ustream.tv,Namibia,241.44.2.160
859,Thadeus,McTurley,tmcturleynu@smh.com.au,United States,5.125.95.100
860,Aliza,Fearne,afearnenv@businessweek.com,Malta,30.170.36.247
861,Linoel,Morais,lmoraisnw@nationalgeographic.com,Argentina,175.237.37.227
862,Teodor,Clinkard,tclinkardnx@nhs.uk,Poland,223.230.69.238
863,Shina,Zaple,szapleny@cdbaby.com,Indonesia,228.180.230.77
864,Kipper,Drummer,kdrummernz@facebook.com,Mali,253.196.211.156
865,Marcella,Cosgriff,mcosgriffo0@tumblr.com,China,217.120.134.13
866,Poppy,Scoyne,pscoyneo1@about.me,China,95.161.81.187
867,Kimberly,Strawbridge,kstrawbridgeo2@google.es,Philippines,53.49.246.50
868,Risa,Germaine,rgermaineo3@usa.gov,Vietnam,232.203.201.184
869,Carlotta,Chittie,cchittieo4@freewebs.com,Macedonia,67.192.169.54
870,Reinaldo,Flury,rfluryo5@army.mil,Portugal,156.255.212.237
871,Rory,Pinkett,rpinketto6@mail.ru,Paraguay,142.118.203.193
872,Abrahan,Paulusch,apauluscho7@bluehost.com,Sweden,88.74.18.212
873,Pauly,McAvaddy,pmcavaddyo8@uiuc.edu,China,220.54.8.136
874,Konstance,Britner,kbritnero9@google.de,United States,12.130.102.49
875,Gabbey,Figure,gfigureoa@youtube.com,China,217.238.83.99
876,Justine,Scard,jscardob@theguardian.com,Czech Republic,102.98.42.172
877,Valene,Coller,vcolleroc@trellian.com,Canada,250.115.212.213
878,Kathi,Peppard,kpeppardod@dmoz.org,Kosovo,89.163.153.119
879,Patience,Clutterham,pclutterhamoe@shinystat.com,Sweden,67.98.25.122
880,Susann,Keer,skeerof@gnu.org,Poland,226.21.213.103
881,Codi,Sawney,csawneyog@twitter.com,United States,59.5.232.57
882,Stephie,Pottage,spottageoh@disqus.com,Philippines,86.24.93.161
883,Clerissa,MacPherson,cmacphersonoi@webeden.co.uk,Jamaica,59.235.249.166
884,Marie-jeanne,Sworn,mswornoj@google.com,Palestinian Territory,199.85.237.25
885,Karna,Wasmer,kwasmerok@last.fm,Ukraine,213.199.152.216
886,Kristyn,Smorthit,ksmorthitol@usa.gov,Nigeria,215.142.224.85
887,Paolo,Tudge,ptudgeom@google.cn,France,217.173.121.185
888,Annabal,Moisey,amoiseyon@wikia.com,Philippines,39.161.144.126
889,Christie,Jedrych,cjedrychoo@infoseek.co.jp,China,141.148.139.220
890,Darda,Ducarne,dducarneop@telegraph.co.uk,Argentina,18.93.25.51
891,Pryce,Salman,psalmanoq@4shared.com,Serbia,5.192.198.64
892,Hunfredo,Powley,hpowleyor@slashdot.org,Argentina,81.229.33.43
893,Amerigo,Cassedy,acassedyos@independent.co.uk,Russia,49.105.247.31
894,Aura,Sleney,asleneyot@wikipedia.org,Guatemala,186.209.7.129
895,Cathe,Hamerton,chamertonou@weebly.com,Syria,232.108.84.136
896,Giusto,Stains,gstainsov@archive.org,Poland,18.156.52.0
897,Melisa,Stourton,mstourtonow@auda.org.au,China,222.67.8.120
898,Lambert,Malpass,lmalpassox@com.com,France,108.73.104.123
899,Ruperto,Surmeyer,rsurmeyeroy@google.fr,Indonesia,76.92.70.232
900,Jorry,Fawke,jfawkeoz@msu.edu,Nigeria,166.188.79.119
901,Clarinda,Trendle,ctrendlep0@oaic.gov.au,Japan,18.222.138.241
902,Ethelyn,Brafferton,ebraffertonp1@meetup.com,Russia,237.1.142.8
903,Perry,Usborn,pusbornp2@epa.gov,China,222.160.122.118
904,Tamara,Ferrier,tferrierp3@disqus.com,Bosnia and Herzegovina,192.213.31.124
905,Dallon,Ferrier,dferrierp4@blogtalkradio.com,Philippines,225.17.97.87
906,Glenn,Pickthorn,gpickthornp5@ucoz.ru,Indonesia,251.246.0.214
907,Mab,Salvatore,msalvatorep6@wired.com,Philippines,20.55.100.150
908,Sibyl,Camies,scamiesp7@over-blog.com,Colombia,58.245.254.10
909,Eleonore,Vasilenko,evasilenkop8@purevolume.com,Brazil,200.85.218.91
910,Darleen,Rizzello,drizzellop9@ft.com,Peru,222.176.150.94
911,Gladi,Gauler,ggaulerpa@earthlink.net,France,4.35.220.163
912,Francesca,Slaymaker,fslaymakerpb@techcrunch.com,Brazil,69.136.179.164
913,Gabriellia,Maharg,gmahargpc@wordpress.org,China,14.188.55.148
914,Cam,Woodhams,cwoodhamspd@wired.com,Chile,64.153.55.146
915,Sydel,Franey,sfraneype@umich.edu,Vietnam,147.205.192.223
916,Shermy,Hearne,shearnepf@virginia.edu,Brazil,193.22.15.193
917,Carina,Burbidge,cburbidgepg@tinypic.com,China,168.116.39.106
918,Ivie,Darleston,idarlestonph@techcrunch.com,Brazil,10.124.224.131
919,Emalia,Daintrey,edaintreypi@netlog.com,China,83.195.43.110
920,Ase,Bax,abaxpj@flavors.me,Philippines,250.62.73.78
921,Shay,Grassett,sgrassettpk@sogou.com,Indonesia,191.69.236.55
922,Cathryn,Scurrey,cscurreypl@weibo.com,China,172.102.225.250
923,Ronald,Mellenby,rmellenbypm@yale.edu,China,167.173.158.233
924,Lev,Cawthorn,lcawthornpn@timesonline.co.uk,Cambodia,103.96.226.162
925,Mercy,De Cruze,mdecruzepo@cargocollective.com,China,209.41.199.12
926,Tommie,Farrimond,tfarrimondpp@infoseek.co.jp,France,210.134.98.236
927,Karl,Bamber,kbamberpq@studiopress.com,Indonesia,180.218.91.139
928,Heinrik,Magee,hmageepr@mayoclinic.com,Indonesia,16.132.61.243
929,Kaitlin,Hryncewicz,khryncewiczps@webeden.co.uk,Palestinian Territory,137.179.164.210
930,Nickey,Whitington,nwhitingtonpt@deviantart.com,China,24.136.23.103
931,Blondelle,Starkie,bstarkiepu@skyrock.com,Indonesia,86.114.180.124
932,Sumner,Paolacci,spaolaccipv@arstechnica.com,China,188.145.142.102
933,Adams,Fillimore,afillimorepw@alexa.com,China,145.37.213.186
934,Garik,Duthy,gduthypx@go.com,Sweden,168.236.251.224
935,Jemimah,Gyorgy,jgyorgypy@cdbaby.com,Philippines,69.89.106.227
936,Michail,Mansour,mmansourpz@eepurl.com,United States,143.73.36.126
937,Terencio,Dach,tdachq0@squarespace.com,Bolivia,124.138.37.166
938,Minna,Blurton,mblurtonq1@msu.edu,Indonesia,251.222.117.160
939,Selena,Broadley,sbroadleyq2@angelfire.com,Russia,190.113.71.88
940,Jeff,Euston,jeustonq3@forbes.com,Nigeria,127.68.87.100
941,Shelton,Nutton,snuttonq4@hp.com,China,95.186.34.67
942,Edward,Aymeric,eaymericq5@cbsnews.com,Portugal,13.61.131.198
943,Gasparo,Glabach,gglabachq6@jiathis.com,China,109.228.172.42
944,Marlin,Stockow,mstockowq7@dell.com,China,108.152.55.129
945,Avrom,Waggett,awaggettq8@census.gov,China,162.11.103.223
946,Gaven,Clemas,gclemasq9@angelfire.com,Indonesia,167.168.147.91
947,Bonnee,Gellert,bgellertqa@nasa.gov,Russia,42.92.147.5
948,Gretna,Waterstone,gwaterstoneqb@bloomberg.com,Philippines,87.236.128.67
949,Knox,Streather,kstreatherqc@dion.ne.jp,Poland,74.71.31.110
950,Michell,Dibbin,mdibbinqd@bloomberg.com,China,227.71.113.147
951,Lia,Ipplett,lipplettqe@nhs.uk,Poland,28.43.92.152
952,Abe,Tidmarsh,atidmarshqf@nba.com,Russia,114.141.173.43
953,Gran,De Goey,gdegoeyqg@wikipedia.org,China,129.192.95.154
954,Karl,Elwood,kelwoodqh@hubpages.com,Indonesia,151.237.135.65
955,Merl,Josefsson,mjosefssonqi@mtv.com,Philippines,75.228.249.208
956,Birk,Cowthart,bcowthartqj@umich.edu,Russia,18.87.242.133
957,Ursola,Beeton,ubeetonqk@canalblog.com,Nigeria,104.230.227.117
958,Tammie,Rablan,trablanql@gnu.org,Russia,226.225.64.137
959,Reamonn,Scoffham,rscoffhamqm@aol.com,China,70.232.243.22
960,Pietrek,Antonucci,pantonucciqn@e-recht24.de,China,46.177.18.56
961,Wandie,Ruslen,wruslenqo@irs.gov,Tokelau,110.124.251.58
962,Minta,Gillman,mgillmanqp@hostgator.com,China,71.223.81.146
963,Nels,Gilffillan,ngilffillanqq@usgs.gov,Russia,152.253.198.183
964,Ynez,Mabley,ymableyqr@flickr.com,Palestinian Territory,62.16.88.181
965,Gradey,Kernley,gkernleyqs@merriam-webster.com,China,242.20.45.230
966,Boyd,Moxon,bmoxonqt@plala.or.jp,China,203.127.235.37
967,Lesley,Fourmy,lfourmyqu@miitbeian.gov.cn,Argentina,7.188.151.26
968,Hoyt,Yanukhin,hyanukhinqv@sciencedaily.com,Nigeria,76.46.103.99
969,Anita,Lars,alarsqw@symantec.com,China,146.156.57.107
970,Ichabod,Coling,icolingqx@nhs.uk,China,223.52.5.57
971,Casper,Knagges,cknaggesqy@vkontakte.ru,Philippines,121.178.91.158
972,Bette,Wallas,bwallasqz@liveinternet.ru,Vietnam,206.192.179.188
973,Nada,Saill,nsaillr0@naver.com,France,2.28.154.239
974,Laurent,Filippi,lfilippir1@apple.com,Ukraine,71.63.214.25
975,Doralynn,Pougher,dpougherr2@wikia.com,Portugal,250.201.139.209
976,Abbe,Blannin,ablanninr3@wiley.com,Indonesia,34.235.85.67
977,Dalia,Shardlow,dshardlowr4@examiner.com,Guatemala,156.232.28.147
978,Kristian,Schnieder,kschniederr5@alibaba.com,Indonesia,154.56.65.244
979,Bald,Whetson,bwhetsonr6@twitpic.com,Russia,198.214.18.221
980,Michale,Delepine,mdelepiner7@google.de,China,194.0.231.9
981,Allistir,Ronaldson,aronaldsonr8@photobucket.com,Ecuador,105.92.163.209
982,Curtis,Feasby,cfeasbyr9@timesonline.co.uk,Czech Republic,224.152.52.198
983,Benson,Siley,bsileyra@bing.com,China,67.150.149.127
984,Zorina,Gumbrell,zgumbrellrb@ted.com,Russia,38.138.120.251
985,Calypso,Levinge,clevingerc@house.gov,Poland,8.74.181.105
986,Conrad,Beston,cbestonrd@bloomberg.com,France,81.42.96.119
987,Hildy,Cowpe,hcowpere@photobucket.com,Philippines,56.207.12.0
988,Suellen,O'Regan,soreganrf@hubpages.com,China,50.165.136.207
989,Hobie,Loade,hloaderg@barnesandnoble.com,China,50.33.38.47
990,Manolo,Cattel,mcattelrh@qq.com,China,68.28.68.212
991,Alonso,Medmore,amedmoreri@blogger.com,China,89.188.217.29
992,Gordan,Kemer,gkemerrj@tamu.edu,China,142.178.133.72
993,Del,Summersett,dsummersettrk@deliciousdays.com,Indonesia,162.182.202.10
994,Charline,Hinnerk,chinnerkrl@twitter.com,United States,114.65.171.157
995,Meade,Rawstron,mrawstronrm@chronoengine.com,France,156.30.106.31
996,Francesco,Simanek,fsimanekrn@oaic.gov.au,El Salvador,126.229.31.186
997,Theodore,Etuck,tetuckro@mapy.cz,Sweden,222.161.84.192
998,Barty,Giraudel,bgiraudelrp@skype.com,China,236.187.100.24
999,Kettie,Spears,kspearsrq@sourceforge.net,Czech Republic,0.199.46.242
1000,Merline,Pigram,mpigramrr@constantcontact.com,China,138.69.2.158
